<?xml version="1.0" encoding="UTF-8"?>
<beans:beans xmlns="http://www.springframework.org/schema/mvc"
	xmlns:xsi="http://www.w3.org/2001/XMLSchema-instance"
	xmlns:beans="http://www.springframework.org/schema/beans"
	xmlns:task="http://www.springframework.org/schema/task"
	xmlns:context="http://www.springframework.org/schema/context"
	xmlns:social="http://www.springframework.org/schema/social"
    xmlns:facebook="http://www.springframework.org/schema/social/facebook"
	xsi:schemaLocation="
        http://www.springframework.org/schema/mvc http://www.springframework.org/schema/mvc/spring-mvc.xsd
        http://www.springframework.org/schema/beans http://www.springframework.org/schema/beans/spring-beans.xsd
        http://www.springframework.org/schema/task http://www.springframework.org/schema/task/spring-task.xsd
        http://www.springframework.org/schema/context http://www.springframework.org/schema/context/spring-context.xsd
        http://www.springframework.org/schema/social http://www.springframework.org/schema/social/spring-social.xsd
        http://www.springframework.org/schema/social/facebook http://www.springframework.org/schema/social/spring-social-facebook.xsd">



	<!-- Resolves views selected for rendering by @Controllers to .jsp resources in the /WEB-INF/views directory -->
 	<beans:bean class="org.springframework.web.servlet.view.InternalResourceViewResolver">
		<beans:property name="prefix" value="/WEB-INF/views/" />
		<beans:property name="suffix" value=".jsp" />
	</beans:bean>
	

	
	
	<beans:bean id="localeResolver"
        class="org.springframework.web.servlet.i18n.SessionLocaleResolver">
        <beans:property name="defaultLocale" value="en"></beans:property>
    </beans:bean>
	
	<beans:bean id="messageSource" class="org.springframework.context.support.ReloadableResourceBundleMessageSource">
		<beans:property name="basenames">
			<beans:list>
  				<beans:value>classpath:bundles/shopizer</beans:value>
  				<beans:value>classpath:bundles/messages</beans:value>
  				<beans:value>classpath:bundles/shipping</beans:value>
  				<beans:value>classpath:bundles/payment</beans:value>    
  			</beans:list>
  		</beans:property>
  		<beans:property name="defaultEncoding" value="UTF-8"/>
  	</beans:bean>

	
	<beans:bean id="messages" class="com.salesmanager.shop.utils.LabelUtils"/>

	<!-- 
	local image handler
	-->
	<beans:bean id="img" class="com.salesmanager.shop.utils.LocalImageFilePathUtils">
		<beans:property name="basePath" value="/static" />
	</beans:bean>

	
    <!-- 
    httpd image handler	
    <beans:bean id="img" class="com.salesmanager.shop.utils.ImageFilePathUtils">
		<beans:property name="basePath" value="http://localhost:80/images" />
	</beans:bean> 
	-->
	
	<!--
	AWS image handler
	-->
	<!-- 	
	<beans:bean id="img" class="com.salesmanager.shop.utils.AWSFilePathUtils">
		<beans:property name="basePath" value="https://s3.ca-central-1.amazonaws.com/shopizer-demo" />
	</beans:bean> 
	-->
	
	

	<!--
        Configures FB and Twitter support.
     -->
    <facebook:config app-id="${facebook.app.id}" app-secret="${facebook.app.secret}"/>

    <!--
        Configures the connection repository. This application uses JDBC
        connection repository which saves connection details to database.
        This repository uses the data source bean for obtaining database
        connection.
        
     -->
    
    <social:jdbc-connection-repository/>

    <!--
        This bean manages the connection flow between the account provider and
        the example application.
    	-->
    
    
    <beans:bean id="connectController" class="org.springframework.social.connect.web.ConnectController"
          autowire="constructor"/>

</beans:beans>