<?xml version="1.0" encoding="UTF-8"?>
<beans:beans xmlns="http://www.springframework.org/schema/mvc"
	xmlns:xsi="http://www.w3.org/2001/XMLSchema-instance"
	xmlns:beans="http://www.springframework.org/schema/beans"
	xmlns:task="http://www.springframework.org/schema/task"
	xmlns:context="http://www.springframework.org/schema/context"
	xsi:schemaLocation="
        http://www.springframework.org/schema/mvc http://www.springframework.org/schema/mvc/spring-mvc.xsd
        http://www.springframework.org/schema/beans http://www.springframework.org/schema/beans/spring-beans.xsd
        http://www.springframework.org/schema/task http://www.springframework.org/schema/task/spring-task.xsd
        http://www.springframework.org/schema/context http://www.springframework.org/schema/context/spring-context.xsd">
  
  
  	<context:annotation-config />
	
	<!-- controllers -->
  	<beans:import resource="classpath:/spring/shopizer-controllers.xml" />
  	<!-- properties -->
  	<beans:import resource="classpath:/spring/shopizer-properties.xml" />
  	<!-- security -->
	<beans:import resource="classpath:/spring/shopizer-security.xml" />
  	<!-- servlet-context -->
  	<beans:import resource="classpath:/spring/shopizer-servlet-context.xml" />
  	
  	  <!-- content by profile -->
	  <beans:beans profile="default">
	  	<beans:import resource="classpath:/spring/shopizer-content.xml" />
	  </beans:beans>
	  <beans:beans profile="docker">
	  	<beans:import resource="classpath:/spring/shopizer-content.xml" />
	  </beans:beans>
	    <beans:beans profile="gcp">
	  	<beans:import resource="classpath:/spring/shopizer-content.xml" />
	  </beans:beans>
	  <beans:beans profile="aws">
	  	<beans:import resource="classpath:/profiles/aws/shopizer-content.xml" />
	  </beans:beans>
	  <beans:beans profile="cloud">
	  	<beans:import resource="classpath:/profiles/aws/shopizer-content.xml" />
	  </beans:beans>
	
	
  

	
</beans:beans>
